[
  {
    "name": "${service_name}",
    "image": "${image}",
    "essential": true,
    "logConfiguration": {
      "logDriver": "awslogs",
      "options": {
        "awslogs-group": "${log_group}",
        "awslogs-region": "${region}",
        "awslogs-stream-prefix": "${service_name}-cont-logs"
      }
    },
    "portMappings": [
      {
        "hostPort": ${host_port},
        "protocol": "${protocol}",
        "containerPort": ${container_port}
      }
    ],
    "environment": [
      {
        "name": "ENV_PORT",
        "value": "${container_port}"
      }
    ]
  }
]
